<?xml version="1.0" encoding="UTF-8"?>
<configuration>

	<!-- <appender name="STDOUT" class="ch.qos.logback.core.ConsoleAppender">
		<layout class="ch.qos.logback.classic.PatternLayout">
			<Pattern>
				%d{yyyy-MM-dd HH:mm:ss} [%thread] %-5level %logger - %msg%n
			</Pattern>
		</layout>
	</appender> -->
	
	<appender name="htmlAppender" class="ch.qos.logback.core.FileAppender">
		<encoder class="ch.qos.logback.core.encoder.LayoutWrappingEncoder">
			<layout class="ch.qos.logback.classic.html.HTMLLayout">
				<pattern>%relative%thread%mdc%level%logger%msg</pattern>
			</layout>
		</encoder>
		<file>test.html</file>
	</appender>
   <appender name="consoleAppender" class="ch.qos.logback.core.ConsoleAppender">
		<encoder class="ch.qos.logback.classic.encoder.PatternLayoutEncoder">
			<pattern>%d [%thread] %-5level %logger - %msg%n</pattern>
		</encoder>
	</appender>

	<appender name="roleSiftingAppender" class="ch.qos.logback.classic.sift.SiftingAppender">
		<discriminator>
			<key>userRole</key>
			<defaultValue>ANONYMOUS</defaultValue>
		</discriminator>
		<sift>
			<appender name="fileAppender" class="ch.qos.logback.core.FileAppender">
				<file>${userRole}.log</file>
				<encoder>
					<pattern>%d [%thread] %level %mdc %logger{50} - %msg%n</pattern>
				</encoder>
			</appender>
		</sift>
	</appender>

	<logger name="sapient" level="debug" additivity="false">
		<appender-ref ref="STDOUT" />
		<appender-ref ref="consoleAppender" />
		<appender-ref ref="roleSiftingAppender" />
	</logger>


</configuration>