<?xml version="1.0" encoding="UTF-8"?>
<configuration>

	<!-- <appender name="STDOUT" class="ch.qos.logback.core.ConsoleAppender"> 
		<layout class="ch.qos.logback.classic.PatternLayout"> <Pattern> %d{yyyy-MM-dd 
		HH:mm:ss} [%thread] %-5level %logger{36} - %msg%n </Pattern> </layout> </appender> -->

	<appender name="consoleAppender" class="ch.qos.logback.core.ConsoleAppender">
		<encoder>
			<pattern>%d [%thread] %-5level %logger{35} - %msg%n</pattern>
		</encoder>
	</appender>

	<appender name="fileAppender"
		class="ch.qos.logback.core.rolling.RollingFileAppender">
		  <file>sapient.log</file> <!--  it causes preventing the rolling the file-->
		<append>true</append>
		<encoder class="ch.qos.logback.classic.encoder.PatternLayoutEncoder">
			<Pattern>
				%d{yyyy-MM-dd HH:mm:ss} %level - %msg%n
			</Pattern>
		</encoder>

		<rollingPolicy
			class="ch.qos.logback.core.rolling.SizeAndTimeBasedRollingPolicy">
			<fileNamePattern>app-%d{mm}-%i-log.txt</fileNamePattern>
			<cleanHistoryOnStart>true</cleanHistoryOnStart>
			<maxFileSize>1KB</maxFileSize>
			<maxHistory>1</maxHistory>
			<totalSizeCap>2MB</totalSizeCap>
		</rollingPolicy>

	</appender>

	<!--  level="off" will prevent to any type of log 
		<logger name="sapient" level="off" additivity="false"> 
	-->
	<logger name="sapient" level="trace" additivity="false">
		<appender-ref ref="consoleAppender" />
		<appender-ref ref="fileAppender" />
	</logger>


</configuration>