<?xml version="1.0" encoding="UTF-8"?>
<configuration scan="true" debug="true">

	<appender name="fileAppender" class="ch.qos.logback.core.FileAppender">
		<file>myLogFile.log</file>
		<append>false</append>
		<encoder>
			<pattern>%d [%thread] %-5level  %logger{35} - %msg%n</pattern>
		</encoder>
	</appender>

	<appender name="consoleAppender" class="ch.qos.logback.core.ConsoleAppender">
		<encoder>
			<pattern>%d [%thread] %-5level  %logger{35} - %msg%n</pattern>
		</encoder>
	</appender>
         
	


	<logger name="sapient" level="trace" additivity="true">
		<appender-ref ref="consoleAppender" />
		<appender-ref ref="fileAppender" />
	</logger>


</configuration>